{"playerData":{"playerStats":100.0,"playerPositionAndRotation":[1.0280877351760865,7.593793869018555,-13.954569816589356,0.0,0.0,0.0]}}